department_id,today_department_avg_performance,last_week_avg_performance,today_delta,day_1,day_2,day_3,day_4,day_5,day_6,day_7,delta_1,delta_2,delta_3,delta_4,delta_5,delta_6,delta_7
1,52.3478125,41.98353756822515,10.364274931774851,80.22861234600741,13.068704472250255,10.068766437948726,58.76037842046348,18.65456682912648,79.10373447177976,34,-4.817743307048925,8.172806005006194,-7.5174433740398,9.996281420760733,-19.84806081439936,-18.020096140136936,-6.400781085994446
2,51.768843137254905,52.43951913974933,-0.6706760024944245,49.17644276354244,62.84778199416875,41.01916047551096,43.54705485022729,68.27658610275334,62.20960779204255,40,8.669145404754964,-2.2585786619123063,24.56419820172772,-21.97530547045848,-7.386745771948764,16.937754058766053,-15.061150607620393
3,52.772666666666666,55.66691907341437,-2.894252406747704,17.163532619447597,80.3247830673925,31.53917475900113,28.18025429512081,90.8029819590533,87.65770681388521,54,20.134885379343217,2.930799648918832,18.28805460750729,7.1030583300871655,24.93009488582513,14.728297719642695,-2.696273438313561
4,52.41594444444445,44.8751119277042,7.540832516740252,62.40746825001564,73.83028835675624,19.130831662315845,39.657248154531615,49.95835551742184,11.141591552888183,58,2.724167392323281,5.26779838948864,22.615278986556483,-21.12129785558929,-23.755345075508792,-3.86662403385251,10.837326773687714
5,55.58321739130435,43.50467825548599,12.07853913581836,75.85860840725398,15.892812023909189,29.434241214155044,64.74117710455154,43.99606913427692,38.60983990425522,36,5.472948223437793,-0.5452327764154461,4.862134166360853,0.6237828751064924,16.74299725475059,-17.639459545919987,-5.162110389934689
6,54.27074509803922,49.542287652868175,4.7284574451710455,75.5201596591485,54.83104382076335,35.155073756039855,33.213891315183815,59.65016072551624,53.42568429342541,35,-0.7689894009386009,23.05344300281692,-10.351117569052786,17.571118769652017,13.45164214485576,-3.0269434508545885,-12.87848459449959
