department_id,today_department_avg_performance,last_week_avg_performance,today_delta,day_1,day_2,day_3,day_4,day_5,day_6,day_7,delta_1,delta_2,delta_3,delta_4,delta_5,delta_6,delta_7
1,34,40.400781085994446,-6.400781085994446,22.92070462438504,80.22861234600741,13.068704472250257,10.068766437948726,58.76037842046348,18.65456682912648,79.10373447177976,2.9463672356439545,-4.817743307048925,8.172806005006194,-7.5174433740398,9.996281420760731,-19.84806081439936,-18.020096140136936
2,40,55.06115060762039,-15.061150607620391,58.3514202750974,49.17644276354244,62.84778199416875,41.01916047551096,43.54705485022729,68.27658610275334,62.20960779204255,4.718880637110345,8.669145404754964,-2.2585786619123063,24.56419820172772,-21.97530547045848,-7.386745771948764,16.937754058766053
3,54,56.69627343831356,-2.696273438313561,61.20548055429439,17.163532619447597,80.3247830673925,31.53917475900113,28.180254295120815,90.8029819590533,87.65770681388521,-9.551125003781317,20.134885379343217,2.930799648918832,18.28805460750729,7.1030583300871655,24.930094885825135,14.728297719642697
4,58,47.162673226312286,10.837326773687714,74.01292909025659,62.40746825001564,73.83028835675624,19.130831662315845,39.657248154531615,49.95835551742184,11.141591552888183,9.218298949871183,2.724167392323281,5.2677983894886395,22.615278986556483,-21.12129785558929,-23.755345075508792,-3.86662403385251
5,36,41.16211038993469,-5.162110389934689,19.602024941140897,75.85860840725398,15.892812023909187,29.434241214155044,64.74117710455154,43.99606913427692,38.60983990425522,-12.324462820689636,5.472948223437793,-0.5452327764154461,4.862134166360853,0.6237828751064924,16.74299725475059,-17.639459545919987
6,35,47.87848459449959,-12.87848459449959,23.353378591419954,75.5201596591485,54.83104382076335,35.155073756039855,33.213891315183815,59.65016072551624,53.42568429342541,4.81777590523258,-0.7689894009386009,23.05344300281692,-10.351117569052786,17.571118769652017,13.45164214485576,-3.0269434508545885
