object name,conf
HalfCab,0.602849
HalfCab,0.790339
Open,0.800624
Open,0.824562
Open,0.892496
